geoscale,timescale,variables,level,lever,module,value
Switzerland,1990,agr_bioenergy-capacity_elec_biogases-hf[GW],0,land-man,land-use,0.0
Switzerland,1990,agr_bioenergy-capacity_elec_biogases[GW],0,land-man,land-use,0.0
Switzerland,1990,agr_bioenergy-capacity_elec_solid-biofuel-hf[GW],0,land-man,land-use,0.0
Switzerland,1990,agr_bioenergy-capacity_elec_solid-biofuel[GW],0,land-man,land-use,0.0
Switzerland,1990,agr_bioenergy-capacity_efficiency_biogases-hf[%],0,land-man,land-use,1.0
Switzerland,1990,agr_bioenergy-capacity_efficiency_biogases[%],0,land-man,land-use,1.0
Switzerland,1990,agr_bioenergy-capacity_efficiency_solid-biofuel-hf[%],0,land-man,land-use,1.0
Switzerland,1990,agr_bioenergy-capacity_efficiency_solid-biofuel[%],0,land-man,land-use,1.0
Switzerland,1990,agr_bioenergy-capacity_liq_biodiesel[TWh],0,land-man,land-use,0.0
Switzerland,1990,agr_bioenergy-capacity_liq_biogasoline[TWh],0,land-man,land-use,0.0
Switzerland,1990,agr_bioenergy-capacity_liq_biojetkerosene[TWh],0,land-man,land-use,0.0
Switzerland,1990,agr_bioenergy-capacity_liq_other-liquid-biofuel[TWh],0,land-man,land-use,0.0
Switzerland,1990,agr_bioenergy-capacity_load-factor_biogases-hf[%],0,land-man,land-use,0.0
Switzerland,1990,agr_bioenergy-capacity_load-factor_biogases[%],0,land-man,land-use,0.0
Switzerland,1990,agr_bioenergy-capacity_load-factor_solid-biofuel-hf[%],0,land-man,land-use,0.0
Switzerland,1990,agr_bioenergy-capacity_load-factor_solid-biofuel[%],0,land-man,land-use,0.0
Switzerland,1990,agr_bioenergy-capacity_bgs-mix_digestor[%],0,land-man,land-use,1.0
Switzerland,1990,agr_bioenergy-capacity_bgs-mix_landfill[%],0,land-man,land-use,0.3647531014351739
Switzerland,1990,agr_bioenergy-capacity_bgs-mix_other-biogases[%],0,land-man,land-use,0.0
Switzerland,1990,agr_bioenergy-capacity_bgs-mix_ren-mun-wastes[%],0,land-man,land-use,0.3567258574556069
Switzerland,1990,agr_bioenergy-capacity_bgs-mix_sewage[%],0,land-man,land-use,0.6352468985648261
Switzerland,1990,agr_bioenergy-capacity_bgs-mix_themal-biogases[%],0,land-man,land-use,0.0
Switzerland,1991,agr_bioenergy-capacity_elec_biogases-hf[GW],0,land-man,land-use,0.0
Switzerland,1991,agr_bioenergy-capacity_elec_biogases[GW],0,land-man,land-use,0.0
Switzerland,1991,agr_bioenergy-capacity_elec_solid-biofuel-hf[GW],0,land-man,land-use,0.0
Switzerland,1991,agr_bioenergy-capacity_elec_solid-biofuel[GW],0,land-man,land-use,0.0
Switzerland,1991,agr_bioenergy-capacity_efficiency_biogases-hf[%],0,land-man,land-use,1.0
Switzerland,1991,agr_bioenergy-capacity_efficiency_biogases[%],0,land-man,land-use,1.0
Switzerland,1991,agr_bioenergy-capacity_efficiency_solid-biofuel-hf[%],0,land-man,land-use,1.0
Switzerland,1991,agr_bioenergy-capacity_efficiency_solid-biofuel[%],0,land-man,land-use,1.0
Switzerland,1991,agr_bioenergy-capacity_liq_biodiesel[TWh],0,land-man,land-use,0.0
Switzerland,1991,agr_bioenergy-capacity_liq_biogasoline[TWh],0,land-man,land-use,0.0
Switzerland,1991,agr_bioenergy-capacity_liq_biojetkerosene[TWh],0,land-man,land-use,0.0
Switzerland,1991,agr_bioenergy-capacity_liq_other-liquid-biofuel[TWh],0,land-man,land-use,0.0
Switzerland,1991,agr_bioenergy-capacity_load-factor_biogases-hf[%],0,land-man,land-use,0.0
Switzerland,1991,agr_bioenergy-capacity_load-factor_biogases[%],0,land-man,land-use,0.0
Switzerland,1991,agr_bioenergy-capacity_load-factor_solid-biofuel-hf[%],0,land-man,land-use,0.0
Switzerland,1991,agr_bioenergy-capacity_load-factor_solid-biofuel[%],0,land-man,land-use,0.0
Switzerland,1991,agr_bioenergy-capacity_bgs-mix_digestor[%],0,land-man,land-use,1.0
Switzerland,1991,agr_bioenergy-capacity_bgs-mix_landfill[%],0,land-man,land-use,0.3647531014351739
Switzerland,1991,agr_bioenergy-capacity_bgs-mix_other-biogases[%],0,land-man,land-use,0.0
Switzerland,1991,agr_bioenergy-capacity_bgs-mix_ren-mun-wastes[%],0,land-man,land-use,0.3567258574556069
Switzerland,1991,agr_bioenergy-capacity_bgs-mix_sewage[%],0,land-man,land-use,0.6352468985648261
Switzerland,1991,agr_bioenergy-capacity_bgs-mix_themal-biogases[%],0,land-man,land-use,0.0
Switzerland,1992,agr_bioenergy-capacity_elec_biogases-hf[GW],0,land-man,land-use,0.0
Switzerland,1992,agr_bioenergy-capacity_elec_biogases[GW],0,land-man,land-use,0.0
Switzerland,1992,agr_bioenergy-capacity_elec_solid-biofuel-hf[GW],0,land-man,land-use,0.0
Switzerland,1992,agr_bioenergy-capacity_elec_solid-biofuel[GW],0,land-man,land-use,0.0
Switzerland,1992,agr_bioenergy-capacity_efficiency_biogases-hf[%],0,land-man,land-use,1.0
Switzerland,1992,agr_bioenergy-capacity_efficiency_biogases[%],0,land-man,land-use,1.0
Switzerland,1992,agr_bioenergy-capacity_efficiency_solid-biofuel-hf[%],0,land-man,land-use,1.0
Switzerland,1992,agr_bioenergy-capacity_efficiency_solid-biofuel[%],0,land-man,land-use,1.0
Switzerland,1992,agr_bioenergy-capacity_liq_biodiesel[TWh],0,land-man,land-use,0.0
Switzerland,1992,agr_bioenergy-capacity_liq_biogasoline[TWh],0,land-man,land-use,0.0
Switzerland,1992,agr_bioenergy-capacity_liq_biojetkerosene[TWh],0,land-man,land-use,0.0
Switzerland,1992,agr_bioenergy-capacity_liq_other-liquid-biofuel[TWh],0,land-man,land-use,0.0
Switzerland,1992,agr_bioenergy-capacity_load-factor_biogases-hf[%],0,land-man,land-use,0.0
Switzerland,1992,agr_bioenergy-capacity_load-factor_biogases[%],0,land-man,land-use,0.0
Switzerland,1992,agr_bioenergy-capacity_load-factor_solid-biofuel-hf[%],0,land-man,land-use,0.0
Switzerland,1992,agr_bioenergy-capacity_load-factor_solid-biofuel[%],0,land-man,land-use,0.0
Switzerland,1992,agr_bioenergy-capacity_bgs-mix_digestor[%],0,land-man,land-use,1.0
Switzerland,1992,agr_bioenergy-capacity_bgs-mix_landfill[%],0,land-man,land-use,0.3647531014351739
Switzerland,1992,agr_bioenergy-capacity_bgs-mix_other-biogases[%],0,land-man,land-use,0.0
Switzerland,1992,agr_bioenergy-capacity_bgs-mix_ren-mun-wastes[%],0,land-man,land-use,0.3567258574556069
Switzerland,1992,agr_bioenergy-capacity_bgs-mix_sewage[%],0,land-man,land-use,0.6352468985648261
Switzerland,1992,agr_bioenergy-capacity_bgs-mix_themal-biogases[%],0,land-man,land-use,0.0
Switzerland,1993,agr_bioenergy-capacity_elec_biogases-hf[GW],0,land-man,land-use,0.0
Switzerland,1993,agr_bioenergy-capacity_elec_biogases[GW],0,land-man,land-use,0.0
Switzerland,1993,agr_bioenergy-capacity_elec_solid-biofuel-hf[GW],0,land-man,land-use,0.0
Switzerland,1993,agr_bioenergy-capacity_elec_solid-biofuel[GW],0,land-man,land-use,0.0
Switzerland,1993,agr_bioenergy-capacity_efficiency_biogases-hf[%],0,land-man,land-use,1.0
Switzerland,1993,agr_bioenergy-capacity_efficiency_biogases[%],0,land-man,land-use,1.0
Switzerland,1993,agr_bioenergy-capacity_efficiency_solid-biofuel-hf[%],0,land-man,land-use,1.0
Switzerland,1993,agr_bioenergy-capacity_efficiency_solid-biofuel[%],0,land-man,land-use,1.0
Switzerland,1993,agr_bioenergy-capacity_liq_biodiesel[TWh],0,land-man,land-use,0.0
Switzerland,1993,agr_bioenergy-capacity_liq_biogasoline[TWh],0,land-man,land-use,0.0
Switzerland,1993,agr_bioenergy-capacity_liq_biojetkerosene[TWh],0,land-man,land-use,0.0
Switzerland,1993,agr_bioenergy-capacity_liq_other-liquid-biofuel[TWh],0,land-man,land-use,0.0
Switzerland,1993,agr_bioenergy-capacity_load-factor_biogases-hf[%],0,land-man,land-use,0.0
Switzerland,1993,agr_bioenergy-capacity_load-factor_biogases[%],0,land-man,land-use,0.0
Switzerland,1993,agr_bioenergy-capacity_load-factor_solid-biofuel-hf[%],0,land-man,land-use,0.0
Switzerland,1993,agr_bioenergy-capacity_load-factor_solid-biofuel[%],0,land-man,land-use,0.0
Switzerland,1993,agr_bioenergy-capacity_bgs-mix_digestor[%],0,land-man,land-use,1.0
Switzerland,1993,agr_bioenergy-capacity_bgs-mix_landfill[%],0,land-man,land-use,0.3647531014351739
Switzerland,1993,agr_bioenergy-capacity_bgs-mix_other-biogases[%],0,land-man,land-use,0.0
Switzerland,1993,agr_bioenergy-capacity_bgs-mix_ren-mun-wastes[%],0,land-man,land-use,0.3567258574556069
Switzerland,1993,agr_bioenergy-capacity_bgs-mix_sewage[%],0,land-man,land-use,0.6352468985648261
Switzerland,1993,agr_bioenergy-capacity_bgs-mix_themal-biogases[%],0,land-man,land-use,0.0
Switzerland,1994,agr_bioenergy-capacity_elec_biogases-hf[GW],0,land-man,land-use,0.0
Switzerland,1994,agr_bioenergy-capacity_elec_biogases[GW],0,land-man,land-use,0.0
Switzerland,1994,agr_bioenergy-capacity_elec_solid-biofuel-hf[GW],0,land-man,land-use,0.0
Switzerland,1994,agr_bioenergy-capacity_elec_solid-biofuel[GW],0,land-man,land-use,0.0
Switzerland,1994,agr_bioenergy-capacity_efficiency_biogases-hf[%],0,land-man,land-use,1.0
Switzerland,1994,agr_bioenergy-capacity_efficiency_biogases[%],0,land-man,land-use,1.0
Switzerland,1994,agr_bioenergy-capacity_efficiency_solid-biofuel-hf[%],0,land-man,land-use,1.0
Switzerland,1994,agr_bioenergy-capacity_efficiency_solid-biofuel[%],0,land-man,land-use,1.0
Switzerland,1994,agr_bioenergy-capacity_liq_biodiesel[TWh],0,land-man,land-use,0.0
Switzerland,1994,agr_bioenergy-capacity_liq_biogasoline[TWh],0,land-man,land-use,0.0
Switzerland,1994,agr_bioenergy-capacity_liq_biojetkerosene[TWh],0,land-man,land-use,0.0
Switzerland,1994,agr_bioenergy-capacity_liq_other-liquid-biofuel[TWh],0,land-man,land-use,0.0
Switzerland,1994,agr_bioenergy-capacity_load-factor_biogases-hf[%],0,land-man,land-use,0.0
Switzerland,1994,agr_bioenergy-capacity_load-factor_biogases[%],0,land-man,land-use,0.0
Switzerland,1994,agr_bioenergy-capacity_load-factor_solid-biofuel-hf[%],0,land-man,land-use,0.0
Switzerland,1994,agr_bioenergy-capacity_load-factor_solid-biofuel[%],0,land-man,land-use,0.0
Switzerland,1994,agr_bioenergy-capacity_bgs-mix_digestor[%],0,land-man,land-use,1.0
Switzerland,1994,agr_bioenergy-capacity_bgs-mix_landfill[%],0,land-man,land-use,0.3647531014351739
Switzerland,1994,agr_bioenergy-capacity_bgs-mix_other-biogases[%],0,land-man,land-use,0.0
Switzerland,1994,agr_bioenergy-capacity_bgs-mix_ren-mun-wastes[%],0,land-man,land-use,0.3567258574556069
Switzerland,1994,agr_bioenergy-capacity_bgs-mix_sewage[%],0,land-man,land-use,0.6352468985648261
Switzerland,1994,agr_bioenergy-capacity_bgs-mix_themal-biogases[%],0,land-man,land-use,0.0
Switzerland,1995,agr_bioenergy-capacity_elec_biogases-hf[GW],0,land-man,land-use,0.0
Switzerland,1995,agr_bioenergy-capacity_elec_biogases[GW],0,land-man,land-use,0.0
Switzerland,1995,agr_bioenergy-capacity_elec_solid-biofuel-hf[GW],0,land-man,land-use,0.0
Switzerland,1995,agr_bioenergy-capacity_elec_solid-biofuel[GW],0,land-man,land-use,0.0
Switzerland,1995,agr_bioenergy-capacity_efficiency_biogases-hf[%],0,land-man,land-use,1.0
Switzerland,1995,agr_bioenergy-capacity_efficiency_biogases[%],0,land-man,land-use,1.0
Switzerland,1995,agr_bioenergy-capacity_efficiency_solid-biofuel-hf[%],0,land-man,land-use,1.0
Switzerland,1995,agr_bioenergy-capacity_efficiency_solid-biofuel[%],0,land-man,land-use,1.0
Switzerland,1995,agr_bioenergy-capacity_liq_biodiesel[TWh],0,land-man,land-use,0.0
Switzerland,1995,agr_bioenergy-capacity_liq_biogasoline[TWh],0,land-man,land-use,0.0
Switzerland,1995,agr_bioenergy-capacity_liq_biojetkerosene[TWh],0,land-man,land-use,0.0
Switzerland,1995,agr_bioenergy-capacity_liq_other-liquid-biofuel[TWh],0,land-man,land-use,0.0
Switzerland,1995,agr_bioenergy-capacity_load-factor_biogases-hf[%],0,land-man,land-use,0.0
Switzerland,1995,agr_bioenergy-capacity_load-factor_biogases[%],0,land-man,land-use,0.0
Switzerland,1995,agr_bioenergy-capacity_load-factor_solid-biofuel-hf[%],0,land-man,land-use,0.0
Switzerland,1995,agr_bioenergy-capacity_load-factor_solid-biofuel[%],0,land-man,land-use,0.0
Switzerland,1995,agr_bioenergy-capacity_bgs-mix_digestor[%],0,land-man,land-use,1.0
Switzerland,1995,agr_bioenergy-capacity_bgs-mix_landfill[%],0,land-man,land-use,0.3647531014351739
Switzerland,1995,agr_bioenergy-capacity_bgs-mix_other-biogases[%],0,land-man,land-use,0.0
Switzerland,1995,agr_bioenergy-capacity_bgs-mix_ren-mun-wastes[%],0,land-man,land-use,0.3567258574556069
Switzerland,1995,agr_bioenergy-capacity_bgs-mix_sewage[%],0,land-man,land-use,0.6352468985648261
Switzerland,1995,agr_bioenergy-capacity_bgs-mix_themal-biogases[%],0,land-man,land-use,0.0
Switzerland,1996,agr_bioenergy-capacity_elec_biogases-hf[GW],0,land-man,land-use,0.0
Switzerland,1996,agr_bioenergy-capacity_elec_biogases[GW],0,land-man,land-use,0.0
Switzerland,1996,agr_bioenergy-capacity_elec_solid-biofuel-hf[GW],0,land-man,land-use,0.0
Switzerland,1996,agr_bioenergy-capacity_elec_solid-biofuel[GW],0,land-man,land-use,0.0
Switzerland,1996,agr_bioenergy-capacity_efficiency_biogases-hf[%],0,land-man,land-use,1.0
Switzerland,1996,agr_bioenergy-capacity_efficiency_biogases[%],0,land-man,land-use,1.0
Switzerland,1996,agr_bioenergy-capacity_efficiency_solid-biofuel-hf[%],0,land-man,land-use,1.0
Switzerland,1996,agr_bioenergy-capacity_efficiency_solid-biofuel[%],0,land-man,land-use,1.0
Switzerland,1996,agr_bioenergy-capacity_liq_biodiesel[TWh],0,land-man,land-use,0.0
Switzerland,1996,agr_bioenergy-capacity_liq_biogasoline[TWh],0,land-man,land-use,0.0
Switzerland,1996,agr_bioenergy-capacity_liq_biojetkerosene[TWh],0,land-man,land-use,0.0
Switzerland,1996,agr_bioenergy-capacity_liq_other-liquid-biofuel[TWh],0,land-man,land-use,0.0
Switzerland,1996,agr_bioenergy-capacity_load-factor_biogases-hf[%],0,land-man,land-use,0.0
Switzerland,1996,agr_bioenergy-capacity_load-factor_biogases[%],0,land-man,land-use,0.0
Switzerland,1996,agr_bioenergy-capacity_load-factor_solid-biofuel-hf[%],0,land-man,land-use,0.0
Switzerland,1996,agr_bioenergy-capacity_load-factor_solid-biofuel[%],0,land-man,land-use,0.0
Switzerland,1996,agr_bioenergy-capacity_bgs-mix_digestor[%],0,land-man,land-use,1.0
Switzerland,1996,agr_bioenergy-capacity_bgs-mix_landfill[%],0,land-man,land-use,0.3647531014351739
Switzerland,1996,agr_bioenergy-capacity_bgs-mix_other-biogases[%],0,land-man,land-use,0.0
Switzerland,1996,agr_bioenergy-capacity_bgs-mix_ren-mun-wastes[%],0,land-man,land-use,0.3567258574556069
Switzerland,1996,agr_bioenergy-capacity_bgs-mix_sewage[%],0,land-man,land-use,0.6352468985648261
Switzerland,1996,agr_bioenergy-capacity_bgs-mix_themal-biogases[%],0,land-man,land-use,0.0
Switzerland,1997,agr_bioenergy-capacity_elec_biogases-hf[GW],0,land-man,land-use,0.0
Switzerland,1997,agr_bioenergy-capacity_elec_biogases[GW],0,land-man,land-use,0.0
Switzerland,1997,agr_bioenergy-capacity_elec_solid-biofuel-hf[GW],0,land-man,land-use,0.0
Switzerland,1997,agr_bioenergy-capacity_elec_solid-biofuel[GW],0,land-man,land-use,0.0
Switzerland,1997,agr_bioenergy-capacity_efficiency_biogases-hf[%],0,land-man,land-use,1.0
Switzerland,1997,agr_bioenergy-capacity_efficiency_biogases[%],0,land-man,land-use,1.0
Switzerland,1997,agr_bioenergy-capacity_efficiency_solid-biofuel-hf[%],0,land-man,land-use,1.0
Switzerland,1997,agr_bioenergy-capacity_efficiency_solid-biofuel[%],0,land-man,land-use,1.0
Switzerland,1997,agr_bioenergy-capacity_liq_biodiesel[TWh],0,land-man,land-use,0.0
Switzerland,1997,agr_bioenergy-capacity_liq_biogasoline[TWh],0,land-man,land-use,0.0
Switzerland,1997,agr_bioenergy-capacity_liq_biojetkerosene[TWh],0,land-man,land-use,0.0
Switzerland,1997,agr_bioenergy-capacity_liq_other-liquid-biofuel[TWh],0,land-man,land-use,0.0
Switzerland,1997,agr_bioenergy-capacity_load-factor_biogases-hf[%],0,land-man,land-use,0.0
Switzerland,1997,agr_bioenergy-capacity_load-factor_biogases[%],0,land-man,land-use,0.0
Switzerland,1997,agr_bioenergy-capacity_load-factor_solid-biofuel-hf[%],0,land-man,land-use,0.0
Switzerland,1997,agr_bioenergy-capacity_load-factor_solid-biofuel[%],0,land-man,land-use,0.0
Switzerland,1997,agr_bioenergy-capacity_bgs-mix_digestor[%],0,land-man,land-use,1.0
Switzerland,1997,agr_bioenergy-capacity_bgs-mix_landfill[%],0,land-man,land-use,0.3647531014351739
Switzerland,1997,agr_bioenergy-capacity_bgs-mix_other-biogases[%],0,land-man,land-use,0.0
Switzerland,1997,agr_bioenergy-capacity_bgs-mix_ren-mun-wastes[%],0,land-man,land-use,0.3567258574556069
Switzerland,1997,agr_bioenergy-capacity_bgs-mix_sewage[%],0,land-man,land-use,0.6352468985648261
Switzerland,1997,agr_bioenergy-capacity_bgs-mix_themal-biogases[%],0,land-man,land-use,0.0
Switzerland,1998,agr_bioenergy-capacity_elec_biogases-hf[GW],0,land-man,land-use,0.0
Switzerland,1998,agr_bioenergy-capacity_elec_biogases[GW],0,land-man,land-use,0.0
Switzerland,1998,agr_bioenergy-capacity_elec_solid-biofuel-hf[GW],0,land-man,land-use,0.0
Switzerland,1998,agr_bioenergy-capacity_elec_solid-biofuel[GW],0,land-man,land-use,0.0
Switzerland,1998,agr_bioenergy-capacity_efficiency_biogases-hf[%],0,land-man,land-use,1.0
Switzerland,1998,agr_bioenergy-capacity_efficiency_biogases[%],0,land-man,land-use,1.0
Switzerland,1998,agr_bioenergy-capacity_efficiency_solid-biofuel-hf[%],0,land-man,land-use,1.0
Switzerland,1998,agr_bioenergy-capacity_efficiency_solid-biofuel[%],0,land-man,land-use,1.0
Switzerland,1998,agr_bioenergy-capacity_liq_biodiesel[TWh],0,land-man,land-use,0.0
Switzerland,1998,agr_bioenergy-capacity_liq_biogasoline[TWh],0,land-man,land-use,0.0
Switzerland,1998,agr_bioenergy-capacity_liq_biojetkerosene[TWh],0,land-man,land-use,0.0
Switzerland,1998,agr_bioenergy-capacity_liq_other-liquid-biofuel[TWh],0,land-man,land-use,0.0
Switzerland,1998,agr_bioenergy-capacity_load-factor_biogases-hf[%],0,land-man,land-use,0.0
Switzerland,1998,agr_bioenergy-capacity_load-factor_biogases[%],0,land-man,land-use,0.0
Switzerland,1998,agr_bioenergy-capacity_load-factor_solid-biofuel-hf[%],0,land-man,land-use,0.0
Switzerland,1998,agr_bioenergy-capacity_load-factor_solid-biofuel[%],0,land-man,land-use,0.0
Switzerland,1998,agr_bioenergy-capacity_bgs-mix_digestor[%],0,land-man,land-use,1.0
Switzerland,1998,agr_bioenergy-capacity_bgs-mix_landfill[%],0,land-man,land-use,0.3647531014351739
Switzerland,1998,agr_bioenergy-capacity_bgs-mix_other-biogases[%],0,land-man,land-use,0.0
Switzerland,1998,agr_bioenergy-capacity_bgs-mix_ren-mun-wastes[%],0,land-man,land-use,0.3567258574556069
Switzerland,1998,agr_bioenergy-capacity_bgs-mix_sewage[%],0,land-man,land-use,0.6352468985648261
Switzerland,1998,agr_bioenergy-capacity_bgs-mix_themal-biogases[%],0,land-man,land-use,0.0
Switzerland,1999,agr_bioenergy-capacity_elec_biogases-hf[GW],0,land-man,land-use,0.0
Switzerland,1999,agr_bioenergy-capacity_elec_biogases[GW],0,land-man,land-use,0.0
Switzerland,1999,agr_bioenergy-capacity_elec_solid-biofuel-hf[GW],0,land-man,land-use,0.0
Switzerland,1999,agr_bioenergy-capacity_elec_solid-biofuel[GW],0,land-man,land-use,0.0
Switzerland,1999,agr_bioenergy-capacity_efficiency_biogases-hf[%],0,land-man,land-use,1.0
Switzerland,1999,agr_bioenergy-capacity_efficiency_biogases[%],0,land-man,land-use,1.0
Switzerland,1999,agr_bioenergy-capacity_efficiency_solid-biofuel-hf[%],0,land-man,land-use,1.0
Switzerland,1999,agr_bioenergy-capacity_efficiency_solid-biofuel[%],0,land-man,land-use,1.0
Switzerland,1999,agr_bioenergy-capacity_liq_biodiesel[TWh],0,land-man,land-use,0.0
Switzerland,1999,agr_bioenergy-capacity_liq_biogasoline[TWh],0,land-man,land-use,0.0
Switzerland,1999,agr_bioenergy-capacity_liq_biojetkerosene[TWh],0,land-man,land-use,0.0
Switzerland,1999,agr_bioenergy-capacity_liq_other-liquid-biofuel[TWh],0,land-man,land-use,0.0
Switzerland,1999,agr_bioenergy-capacity_load-factor_biogases-hf[%],0,land-man,land-use,0.0
Switzerland,1999,agr_bioenergy-capacity_load-factor_biogases[%],0,land-man,land-use,0.0
Switzerland,1999,agr_bioenergy-capacity_load-factor_solid-biofuel-hf[%],0,land-man,land-use,0.0
Switzerland,1999,agr_bioenergy-capacity_load-factor_solid-biofuel[%],0,land-man,land-use,0.0
Switzerland,1999,agr_bioenergy-capacity_bgs-mix_digestor[%],0,land-man,land-use,1.0
Switzerland,1999,agr_bioenergy-capacity_bgs-mix_landfill[%],0,land-man,land-use,0.3647531014351739
Switzerland,1999,agr_bioenergy-capacity_bgs-mix_other-biogases[%],0,land-man,land-use,0.0
Switzerland,1999,agr_bioenergy-capacity_bgs-mix_ren-mun-wastes[%],0,land-man,land-use,0.3567258574556069
Switzerland,1999,agr_bioenergy-capacity_bgs-mix_sewage[%],0,land-man,land-use,0.6352468985648261
Switzerland,1999,agr_bioenergy-capacity_bgs-mix_themal-biogases[%],0,land-man,land-use,0.0
Switzerland,2000,agr_bioenergy-capacity_elec_biogases-hf[GW],0,land-man,land-use,0.0
Switzerland,2000,agr_bioenergy-capacity_elec_biogases[GW],0,land-man,land-use,0.0
Switzerland,2000,agr_bioenergy-capacity_elec_solid-biofuel-hf[GW],0,land-man,land-use,0.0
Switzerland,2000,agr_bioenergy-capacity_elec_solid-biofuel[GW],0,land-man,land-use,0.0
Switzerland,2000,agr_bioenergy-capacity_efficiency_biogases-hf[%],0,land-man,land-use,1.0
Switzerland,2000,agr_bioenergy-capacity_efficiency_biogases[%],0,land-man,land-use,1.0
Switzerland,2000,agr_bioenergy-capacity_efficiency_solid-biofuel-hf[%],0,land-man,land-use,1.0
Switzerland,2000,agr_bioenergy-capacity_efficiency_solid-biofuel[%],0,land-man,land-use,1.0
Switzerland,2000,agr_bioenergy-capacity_liq_biodiesel[TWh],0,land-man,land-use,0.0
Switzerland,2000,agr_bioenergy-capacity_liq_biogasoline[TWh],0,land-man,land-use,0.0
Switzerland,2000,agr_bioenergy-capacity_liq_biojetkerosene[TWh],0,land-man,land-use,0.0
Switzerland,2000,agr_bioenergy-capacity_liq_other-liquid-biofuel[TWh],0,land-man,land-use,0.0
Switzerland,2000,agr_bioenergy-capacity_load-factor_biogases-hf[%],0,land-man,land-use,0.0
Switzerland,2000,agr_bioenergy-capacity_load-factor_biogases[%],0,land-man,land-use,0.0
Switzerland,2000,agr_bioenergy-capacity_load-factor_solid-biofuel-hf[%],0,land-man,land-use,0.0
Switzerland,2000,agr_bioenergy-capacity_load-factor_solid-biofuel[%],0,land-man,land-use,0.0
Switzerland,2000,agr_bioenergy-capacity_bgs-mix_digestor[%],0,land-man,land-use,1.0
Switzerland,2000,agr_bioenergy-capacity_bgs-mix_landfill[%],0,land-man,land-use,0.3647531014351739
Switzerland,2000,agr_bioenergy-capacity_bgs-mix_other-biogases[%],0,land-man,land-use,0.0
Switzerland,2000,agr_bioenergy-capacity_bgs-mix_ren-mun-wastes[%],0,land-man,land-use,0.3567258574556069
Switzerland,2000,agr_bioenergy-capacity_bgs-mix_sewage[%],0,land-man,land-use,0.6352468985648261
Switzerland,2000,agr_bioenergy-capacity_bgs-mix_themal-biogases[%],0,land-man,land-use,0.0
Switzerland,2001,agr_bioenergy-capacity_elec_biogases-hf[GW],0,land-man,land-use,0.0
Switzerland,2001,agr_bioenergy-capacity_elec_biogases[GW],0,land-man,land-use,0.0
Switzerland,2001,agr_bioenergy-capacity_elec_solid-biofuel-hf[GW],0,land-man,land-use,0.0
Switzerland,2001,agr_bioenergy-capacity_elec_solid-biofuel[GW],0,land-man,land-use,0.0
Switzerland,2001,agr_bioenergy-capacity_efficiency_biogases-hf[%],0,land-man,land-use,1.0
Switzerland,2001,agr_bioenergy-capacity_efficiency_biogases[%],0,land-man,land-use,1.0
Switzerland,2001,agr_bioenergy-capacity_efficiency_solid-biofuel-hf[%],0,land-man,land-use,1.0
Switzerland,2001,agr_bioenergy-capacity_efficiency_solid-biofuel[%],0,land-man,land-use,1.0
Switzerland,2001,agr_bioenergy-capacity_liq_biodiesel[TWh],0,land-man,land-use,0.0
Switzerland,2001,agr_bioenergy-capacity_liq_biogasoline[TWh],0,land-man,land-use,0.0
Switzerland,2001,agr_bioenergy-capacity_liq_biojetkerosene[TWh],0,land-man,land-use,0.0
Switzerland,2001,agr_bioenergy-capacity_liq_other-liquid-biofuel[TWh],0,land-man,land-use,0.0
Switzerland,2001,agr_bioenergy-capacity_load-factor_biogases-hf[%],0,land-man,land-use,0.0
Switzerland,2001,agr_bioenergy-capacity_load-factor_biogases[%],0,land-man,land-use,0.0
Switzerland,2001,agr_bioenergy-capacity_load-factor_solid-biofuel-hf[%],0,land-man,land-use,0.0
Switzerland,2001,agr_bioenergy-capacity_load-factor_solid-biofuel[%],0,land-man,land-use,0.0
Switzerland,2001,agr_bioenergy-capacity_bgs-mix_digestor[%],0,land-man,land-use,1.0
Switzerland,2001,agr_bioenergy-capacity_bgs-mix_landfill[%],0,land-man,land-use,0.3647531014351739
Switzerland,2001,agr_bioenergy-capacity_bgs-mix_other-biogases[%],0,land-man,land-use,0.0
Switzerland,2001,agr_bioenergy-capacity_bgs-mix_ren-mun-wastes[%],0,land-man,land-use,0.3567258574556069
Switzerland,2001,agr_bioenergy-capacity_bgs-mix_sewage[%],0,land-man,land-use,0.6352468985648261
Switzerland,2001,agr_bioenergy-capacity_bgs-mix_themal-biogases[%],0,land-man,land-use,0.0
Switzerland,2002,agr_bioenergy-capacity_elec_biogases-hf[GW],0,land-man,land-use,0.0
Switzerland,2002,agr_bioenergy-capacity_elec_biogases[GW],0,land-man,land-use,0.0
Switzerland,2002,agr_bioenergy-capacity_elec_solid-biofuel-hf[GW],0,land-man,land-use,0.0
Switzerland,2002,agr_bioenergy-capacity_elec_solid-biofuel[GW],0,land-man,land-use,0.0
Switzerland,2002,agr_bioenergy-capacity_efficiency_biogases-hf[%],0,land-man,land-use,1.0
Switzerland,2002,agr_bioenergy-capacity_efficiency_biogases[%],0,land-man,land-use,1.0
Switzerland,2002,agr_bioenergy-capacity_efficiency_solid-biofuel-hf[%],0,land-man,land-use,1.0
Switzerland,2002,agr_bioenergy-capacity_efficiency_solid-biofuel[%],0,land-man,land-use,1.0
Switzerland,2002,agr_bioenergy-capacity_liq_biodiesel[TWh],0,land-man,land-use,0.0
Switzerland,2002,agr_bioenergy-capacity_liq_biogasoline[TWh],0,land-man,land-use,0.0
Switzerland,2002,agr_bioenergy-capacity_liq_biojetkerosene[TWh],0,land-man,land-use,0.0
Switzerland,2002,agr_bioenergy-capacity_liq_other-liquid-biofuel[TWh],0,land-man,land-use,0.0
Switzerland,2002,agr_bioenergy-capacity_load-factor_biogases-hf[%],0,land-man,land-use,0.0
Switzerland,2002,agr_bioenergy-capacity_load-factor_biogases[%],0,land-man,land-use,0.0
Switzerland,2002,agr_bioenergy-capacity_load-factor_solid-biofuel-hf[%],0,land-man,land-use,0.0
Switzerland,2002,agr_bioenergy-capacity_load-factor_solid-biofuel[%],0,land-man,land-use,0.0
Switzerland,2002,agr_bioenergy-capacity_bgs-mix_digestor[%],0,land-man,land-use,1.0
Switzerland,2002,agr_bioenergy-capacity_bgs-mix_landfill[%],0,land-man,land-use,0.3647531014351739
Switzerland,2002,agr_bioenergy-capacity_bgs-mix_other-biogases[%],0,land-man,land-use,0.0
Switzerland,2002,agr_bioenergy-capacity_bgs-mix_ren-mun-wastes[%],0,land-man,land-use,0.3567258574556069
Switzerland,2002,agr_bioenergy-capacity_bgs-mix_sewage[%],0,land-man,land-use,0.6352468985648261
Switzerland,2002,agr_bioenergy-capacity_bgs-mix_themal-biogases[%],0,land-man,land-use,0.0
Switzerland,2003,agr_bioenergy-capacity_elec_biogases-hf[GW],0,land-man,land-use,0.0
Switzerland,2003,agr_bioenergy-capacity_elec_biogases[GW],0,land-man,land-use,0.0
Switzerland,2003,agr_bioenergy-capacity_elec_solid-biofuel-hf[GW],0,land-man,land-use,0.0
Switzerland,2003,agr_bioenergy-capacity_elec_solid-biofuel[GW],0,land-man,land-use,0.0
Switzerland,2003,agr_bioenergy-capacity_efficiency_biogases-hf[%],0,land-man,land-use,1.0
Switzerland,2003,agr_bioenergy-capacity_efficiency_biogases[%],0,land-man,land-use,1.0
Switzerland,2003,agr_bioenergy-capacity_efficiency_solid-biofuel-hf[%],0,land-man,land-use,1.0
Switzerland,2003,agr_bioenergy-capacity_efficiency_solid-biofuel[%],0,land-man,land-use,1.0
Switzerland,2003,agr_bioenergy-capacity_liq_biodiesel[TWh],0,land-man,land-use,0.0
Switzerland,2003,agr_bioenergy-capacity_liq_biogasoline[TWh],0,land-man,land-use,0.0
Switzerland,2003,agr_bioenergy-capacity_liq_biojetkerosene[TWh],0,land-man,land-use,0.0
Switzerland,2003,agr_bioenergy-capacity_liq_other-liquid-biofuel[TWh],0,land-man,land-use,0.0
Switzerland,2003,agr_bioenergy-capacity_load-factor_biogases-hf[%],0,land-man,land-use,0.0
Switzerland,2003,agr_bioenergy-capacity_load-factor_biogases[%],0,land-man,land-use,0.0
Switzerland,2003,agr_bioenergy-capacity_load-factor_solid-biofuel-hf[%],0,land-man,land-use,0.0
Switzerland,2003,agr_bioenergy-capacity_load-factor_solid-biofuel[%],0,land-man,land-use,0.0
Switzerland,2003,agr_bioenergy-capacity_bgs-mix_digestor[%],0,land-man,land-use,1.0
Switzerland,2003,agr_bioenergy-capacity_bgs-mix_landfill[%],0,land-man,land-use,0.3647531014351739
Switzerland,2003,agr_bioenergy-capacity_bgs-mix_other-biogases[%],0,land-man,land-use,0.0
Switzerland,2003,agr_bioenergy-capacity_bgs-mix_ren-mun-wastes[%],0,land-man,land-use,0.3567258574556069
Switzerland,2003,agr_bioenergy-capacity_bgs-mix_sewage[%],0,land-man,land-use,0.6352468985648261
Switzerland,2003,agr_bioenergy-capacity_bgs-mix_themal-biogases[%],0,land-man,land-use,0.0
Switzerland,2004,agr_bioenergy-capacity_elec_biogases-hf[GW],0,land-man,land-use,0.0
Switzerland,2004,agr_bioenergy-capacity_elec_biogases[GW],0,land-man,land-use,0.0
Switzerland,2004,agr_bioenergy-capacity_elec_solid-biofuel-hf[GW],0,land-man,land-use,0.0
Switzerland,2004,agr_bioenergy-capacity_elec_solid-biofuel[GW],0,land-man,land-use,0.0
Switzerland,2004,agr_bioenergy-capacity_efficiency_biogases-hf[%],0,land-man,land-use,1.0
Switzerland,2004,agr_bioenergy-capacity_efficiency_biogases[%],0,land-man,land-use,1.0
Switzerland,2004,agr_bioenergy-capacity_efficiency_solid-biofuel-hf[%],0,land-man,land-use,1.0
Switzerland,2004,agr_bioenergy-capacity_efficiency_solid-biofuel[%],0,land-man,land-use,1.0
Switzerland,2004,agr_bioenergy-capacity_liq_biodiesel[TWh],0,land-man,land-use,0.0
Switzerland,2004,agr_bioenergy-capacity_liq_biogasoline[TWh],0,land-man,land-use,0.0
Switzerland,2004,agr_bioenergy-capacity_liq_biojetkerosene[TWh],0,land-man,land-use,0.0
Switzerland,2004,agr_bioenergy-capacity_liq_other-liquid-biofuel[TWh],0,land-man,land-use,0.0
Switzerland,2004,agr_bioenergy-capacity_load-factor_biogases-hf[%],0,land-man,land-use,0.0
Switzerland,2004,agr_bioenergy-capacity_load-factor_biogases[%],0,land-man,land-use,0.0
Switzerland,2004,agr_bioenergy-capacity_load-factor_solid-biofuel-hf[%],0,land-man,land-use,0.0
Switzerland,2004,agr_bioenergy-capacity_load-factor_solid-biofuel[%],0,land-man,land-use,0.0
Switzerland,2004,agr_bioenergy-capacity_bgs-mix_digestor[%],0,land-man,land-use,1.0
Switzerland,2004,agr_bioenergy-capacity_bgs-mix_landfill[%],0,land-man,land-use,0.3647531014351739
Switzerland,2004,agr_bioenergy-capacity_bgs-mix_other-biogases[%],0,land-man,land-use,0.0
Switzerland,2004,agr_bioenergy-capacity_bgs-mix_ren-mun-wastes[%],0,land-man,land-use,0.3567258574556069
Switzerland,2004,agr_bioenergy-capacity_bgs-mix_sewage[%],0,land-man,land-use,0.6352468985648261
Switzerland,2004,agr_bioenergy-capacity_bgs-mix_themal-biogases[%],0,land-man,land-use,0.0
Switzerland,2005,agr_bioenergy-capacity_elec_biogases-hf[GW],0,land-man,land-use,0.0
Switzerland,2005,agr_bioenergy-capacity_elec_biogases[GW],0,land-man,land-use,0.0
Switzerland,2005,agr_bioenergy-capacity_elec_solid-biofuel-hf[GW],0,land-man,land-use,0.0
Switzerland,2005,agr_bioenergy-capacity_elec_solid-biofuel[GW],0,land-man,land-use,0.0
Switzerland,2005,agr_bioenergy-capacity_efficiency_biogases-hf[%],0,land-man,land-use,1.0
Switzerland,2005,agr_bioenergy-capacity_efficiency_biogases[%],0,land-man,land-use,1.0
Switzerland,2005,agr_bioenergy-capacity_efficiency_solid-biofuel-hf[%],0,land-man,land-use,1.0
Switzerland,2005,agr_bioenergy-capacity_efficiency_solid-biofuel[%],0,land-man,land-use,1.0
Switzerland,2005,agr_bioenergy-capacity_liq_biodiesel[TWh],0,land-man,land-use,0.0
Switzerland,2005,agr_bioenergy-capacity_liq_biogasoline[TWh],0,land-man,land-use,0.0
Switzerland,2005,agr_bioenergy-capacity_liq_biojetkerosene[TWh],0,land-man,land-use,0.0
Switzerland,2005,agr_bioenergy-capacity_liq_other-liquid-biofuel[TWh],0,land-man,land-use,0.0
Switzerland,2005,agr_bioenergy-capacity_load-factor_biogases-hf[%],0,land-man,land-use,0.0
Switzerland,2005,agr_bioenergy-capacity_load-factor_biogases[%],0,land-man,land-use,0.0
Switzerland,2005,agr_bioenergy-capacity_load-factor_solid-biofuel-hf[%],0,land-man,land-use,0.0
Switzerland,2005,agr_bioenergy-capacity_load-factor_solid-biofuel[%],0,land-man,land-use,0.0
Switzerland,2005,agr_bioenergy-capacity_bgs-mix_digestor[%],0,land-man,land-use,1.0
Switzerland,2005,agr_bioenergy-capacity_bgs-mix_landfill[%],0,land-man,land-use,0.3647531014351739
Switzerland,2005,agr_bioenergy-capacity_bgs-mix_other-biogases[%],0,land-man,land-use,0.0
Switzerland,2005,agr_bioenergy-capacity_bgs-mix_ren-mun-wastes[%],0,land-man,land-use,0.3567258574556069
Switzerland,2005,agr_bioenergy-capacity_bgs-mix_sewage[%],0,land-man,land-use,0.6352468985648261
Switzerland,2005,agr_bioenergy-capacity_bgs-mix_themal-biogases[%],0,land-man,land-use,0.0
Switzerland,2006,agr_bioenergy-capacity_elec_biogases-hf[GW],0,land-man,land-use,0.0
Switzerland,2006,agr_bioenergy-capacity_elec_biogases[GW],0,land-man,land-use,0.0
Switzerland,2006,agr_bioenergy-capacity_elec_solid-biofuel-hf[GW],0,land-man,land-use,0.0
Switzerland,2006,agr_bioenergy-capacity_elec_solid-biofuel[GW],0,land-man,land-use,0.0
Switzerland,2006,agr_bioenergy-capacity_efficiency_biogases-hf[%],0,land-man,land-use,1.0
Switzerland,2006,agr_bioenergy-capacity_efficiency_biogases[%],0,land-man,land-use,1.0
Switzerland,2006,agr_bioenergy-capacity_efficiency_solid-biofuel-hf[%],0,land-man,land-use,1.0
Switzerland,2006,agr_bioenergy-capacity_efficiency_solid-biofuel[%],0,land-man,land-use,1.0
Switzerland,2006,agr_bioenergy-capacity_liq_biodiesel[TWh],0,land-man,land-use,0.0
Switzerland,2006,agr_bioenergy-capacity_liq_biogasoline[TWh],0,land-man,land-use,0.0
Switzerland,2006,agr_bioenergy-capacity_liq_biojetkerosene[TWh],0,land-man,land-use,0.0
Switzerland,2006,agr_bioenergy-capacity_liq_other-liquid-biofuel[TWh],0,land-man,land-use,0.0
Switzerland,2006,agr_bioenergy-capacity_load-factor_biogases-hf[%],0,land-man,land-use,0.0
Switzerland,2006,agr_bioenergy-capacity_load-factor_biogases[%],0,land-man,land-use,0.0
Switzerland,2006,agr_bioenergy-capacity_load-factor_solid-biofuel-hf[%],0,land-man,land-use,0.0
Switzerland,2006,agr_bioenergy-capacity_load-factor_solid-biofuel[%],0,land-man,land-use,0.0
Switzerland,2006,agr_bioenergy-capacity_bgs-mix_digestor[%],0,land-man,land-use,1.0
Switzerland,2006,agr_bioenergy-capacity_bgs-mix_landfill[%],0,land-man,land-use,0.3647531014351739
Switzerland,2006,agr_bioenergy-capacity_bgs-mix_other-biogases[%],0,land-man,land-use,0.0
Switzerland,2006,agr_bioenergy-capacity_bgs-mix_ren-mun-wastes[%],0,land-man,land-use,0.3567258574556069
Switzerland,2006,agr_bioenergy-capacity_bgs-mix_sewage[%],0,land-man,land-use,0.6352468985648261
Switzerland,2006,agr_bioenergy-capacity_bgs-mix_themal-biogases[%],0,land-man,land-use,0.0
Switzerland,2007,agr_bioenergy-capacity_elec_biogases-hf[GW],0,land-man,land-use,0.0
Switzerland,2007,agr_bioenergy-capacity_elec_biogases[GW],0,land-man,land-use,0.0
Switzerland,2007,agr_bioenergy-capacity_elec_solid-biofuel-hf[GW],0,land-man,land-use,0.0
Switzerland,2007,agr_bioenergy-capacity_elec_solid-biofuel[GW],0,land-man,land-use,0.0
Switzerland,2007,agr_bioenergy-capacity_efficiency_biogases-hf[%],0,land-man,land-use,1.0
Switzerland,2007,agr_bioenergy-capacity_efficiency_biogases[%],0,land-man,land-use,1.0
Switzerland,2007,agr_bioenergy-capacity_efficiency_solid-biofuel-hf[%],0,land-man,land-use,1.0
Switzerland,2007,agr_bioenergy-capacity_efficiency_solid-biofuel[%],0,land-man,land-use,1.0
Switzerland,2007,agr_bioenergy-capacity_liq_biodiesel[TWh],0,land-man,land-use,0.0
Switzerland,2007,agr_bioenergy-capacity_liq_biogasoline[TWh],0,land-man,land-use,0.0
Switzerland,2007,agr_bioenergy-capacity_liq_biojetkerosene[TWh],0,land-man,land-use,0.0
Switzerland,2007,agr_bioenergy-capacity_liq_other-liquid-biofuel[TWh],0,land-man,land-use,0.0
Switzerland,2007,agr_bioenergy-capacity_load-factor_biogases-hf[%],0,land-man,land-use,0.0
Switzerland,2007,agr_bioenergy-capacity_load-factor_biogases[%],0,land-man,land-use,0.0
Switzerland,2007,agr_bioenergy-capacity_load-factor_solid-biofuel-hf[%],0,land-man,land-use,0.0
Switzerland,2007,agr_bioenergy-capacity_load-factor_solid-biofuel[%],0,land-man,land-use,0.0
Switzerland,2007,agr_bioenergy-capacity_bgs-mix_digestor[%],0,land-man,land-use,1.0
Switzerland,2007,agr_bioenergy-capacity_bgs-mix_landfill[%],0,land-man,land-use,0.3647531014351739
Switzerland,2007,agr_bioenergy-capacity_bgs-mix_other-biogases[%],0,land-man,land-use,0.0
Switzerland,2007,agr_bioenergy-capacity_bgs-mix_ren-mun-wastes[%],0,land-man,land-use,0.3567258574556069
Switzerland,2007,agr_bioenergy-capacity_bgs-mix_sewage[%],0,land-man,land-use,0.6352468985648261
Switzerland,2007,agr_bioenergy-capacity_bgs-mix_themal-biogases[%],0,land-man,land-use,0.0
Switzerland,2008,agr_bioenergy-capacity_elec_biogases-hf[GW],0,land-man,land-use,0.0
Switzerland,2008,agr_bioenergy-capacity_elec_biogases[GW],0,land-man,land-use,0.0
Switzerland,2008,agr_bioenergy-capacity_elec_solid-biofuel-hf[GW],0,land-man,land-use,0.0
Switzerland,2008,agr_bioenergy-capacity_elec_solid-biofuel[GW],0,land-man,land-use,0.0
Switzerland,2008,agr_bioenergy-capacity_efficiency_biogases-hf[%],0,land-man,land-use,1.0
Switzerland,2008,agr_bioenergy-capacity_efficiency_biogases[%],0,land-man,land-use,1.0
Switzerland,2008,agr_bioenergy-capacity_efficiency_solid-biofuel-hf[%],0,land-man,land-use,1.0
Switzerland,2008,agr_bioenergy-capacity_efficiency_solid-biofuel[%],0,land-man,land-use,1.0
Switzerland,2008,agr_bioenergy-capacity_liq_biodiesel[TWh],0,land-man,land-use,0.0
Switzerland,2008,agr_bioenergy-capacity_liq_biogasoline[TWh],0,land-man,land-use,0.0
Switzerland,2008,agr_bioenergy-capacity_liq_biojetkerosene[TWh],0,land-man,land-use,0.0
Switzerland,2008,agr_bioenergy-capacity_liq_other-liquid-biofuel[TWh],0,land-man,land-use,0.0
Switzerland,2008,agr_bioenergy-capacity_load-factor_biogases-hf[%],0,land-man,land-use,0.0
Switzerland,2008,agr_bioenergy-capacity_load-factor_biogases[%],0,land-man,land-use,0.0
Switzerland,2008,agr_bioenergy-capacity_load-factor_solid-biofuel-hf[%],0,land-man,land-use,0.0
Switzerland,2008,agr_bioenergy-capacity_load-factor_solid-biofuel[%],0,land-man,land-use,0.0
Switzerland,2008,agr_bioenergy-capacity_bgs-mix_digestor[%],0,land-man,land-use,1.0
Switzerland,2008,agr_bioenergy-capacity_bgs-mix_landfill[%],0,land-man,land-use,0.3647531014351739
Switzerland,2008,agr_bioenergy-capacity_bgs-mix_other-biogases[%],0,land-man,land-use,0.0
Switzerland,2008,agr_bioenergy-capacity_bgs-mix_ren-mun-wastes[%],0,land-man,land-use,0.3567258574556069
Switzerland,2008,agr_bioenergy-capacity_bgs-mix_sewage[%],0,land-man,land-use,0.6352468985648261
Switzerland,2008,agr_bioenergy-capacity_bgs-mix_themal-biogases[%],0,land-man,land-use,0.0
Switzerland,2009,agr_bioenergy-capacity_elec_biogases-hf[GW],0,land-man,land-use,0.0
Switzerland,2009,agr_bioenergy-capacity_elec_biogases[GW],0,land-man,land-use,0.0
Switzerland,2009,agr_bioenergy-capacity_elec_solid-biofuel-hf[GW],0,land-man,land-use,0.0
Switzerland,2009,agr_bioenergy-capacity_elec_solid-biofuel[GW],0,land-man,land-use,0.0
Switzerland,2009,agr_bioenergy-capacity_efficiency_biogases-hf[%],0,land-man,land-use,1.0
Switzerland,2009,agr_bioenergy-capacity_efficiency_biogases[%],0,land-man,land-use,1.0
Switzerland,2009,agr_bioenergy-capacity_efficiency_solid-biofuel-hf[%],0,land-man,land-use,1.0
Switzerland,2009,agr_bioenergy-capacity_efficiency_solid-biofuel[%],0,land-man,land-use,1.0
Switzerland,2009,agr_bioenergy-capacity_liq_biodiesel[TWh],0,land-man,land-use,0.0
Switzerland,2009,agr_bioenergy-capacity_liq_biogasoline[TWh],0,land-man,land-use,0.0
Switzerland,2009,agr_bioenergy-capacity_liq_biojetkerosene[TWh],0,land-man,land-use,0.0
Switzerland,2009,agr_bioenergy-capacity_liq_other-liquid-biofuel[TWh],0,land-man,land-use,0.0
Switzerland,2009,agr_bioenergy-capacity_load-factor_biogases-hf[%],0,land-man,land-use,0.0
Switzerland,2009,agr_bioenergy-capacity_load-factor_biogases[%],0,land-man,land-use,0.0
Switzerland,2009,agr_bioenergy-capacity_load-factor_solid-biofuel-hf[%],0,land-man,land-use,0.0
Switzerland,2009,agr_bioenergy-capacity_load-factor_solid-biofuel[%],0,land-man,land-use,0.0
Switzerland,2009,agr_bioenergy-capacity_bgs-mix_digestor[%],0,land-man,land-use,1.0
Switzerland,2009,agr_bioenergy-capacity_bgs-mix_landfill[%],0,land-man,land-use,0.3647531014351739
Switzerland,2009,agr_bioenergy-capacity_bgs-mix_other-biogases[%],0,land-man,land-use,0.0
Switzerland,2009,agr_bioenergy-capacity_bgs-mix_ren-mun-wastes[%],0,land-man,land-use,0.3567258574556069
Switzerland,2009,agr_bioenergy-capacity_bgs-mix_sewage[%],0,land-man,land-use,0.6352468985648261
Switzerland,2009,agr_bioenergy-capacity_bgs-mix_themal-biogases[%],0,land-man,land-use,0.0
Switzerland,2010,agr_bioenergy-capacity_elec_biogases-hf[GW],0,land-man,land-use,0.0
Switzerland,2010,agr_bioenergy-capacity_elec_biogases[GW],0,land-man,land-use,0.0
Switzerland,2010,agr_bioenergy-capacity_elec_solid-biofuel-hf[GW],0,land-man,land-use,0.0
Switzerland,2010,agr_bioenergy-capacity_elec_solid-biofuel[GW],0,land-man,land-use,0.0
Switzerland,2010,agr_bioenergy-capacity_efficiency_biogases-hf[%],0,land-man,land-use,1.0
Switzerland,2010,agr_bioenergy-capacity_efficiency_biogases[%],0,land-man,land-use,1.0
Switzerland,2010,agr_bioenergy-capacity_efficiency_solid-biofuel-hf[%],0,land-man,land-use,1.0
Switzerland,2010,agr_bioenergy-capacity_efficiency_solid-biofuel[%],0,land-man,land-use,1.0
Switzerland,2010,agr_bioenergy-capacity_liq_biodiesel[TWh],0,land-man,land-use,0.0
Switzerland,2010,agr_bioenergy-capacity_liq_biogasoline[TWh],0,land-man,land-use,0.0
Switzerland,2010,agr_bioenergy-capacity_liq_biojetkerosene[TWh],0,land-man,land-use,0.0
Switzerland,2010,agr_bioenergy-capacity_liq_other-liquid-biofuel[TWh],0,land-man,land-use,0.0
Switzerland,2010,agr_bioenergy-capacity_load-factor_biogases-hf[%],0,land-man,land-use,0.0
Switzerland,2010,agr_bioenergy-capacity_load-factor_biogases[%],0,land-man,land-use,0.0
Switzerland,2010,agr_bioenergy-capacity_load-factor_solid-biofuel-hf[%],0,land-man,land-use,0.0
Switzerland,2010,agr_bioenergy-capacity_load-factor_solid-biofuel[%],0,land-man,land-use,0.0
Switzerland,2010,agr_bioenergy-capacity_bgs-mix_digestor[%],0,land-man,land-use,1.0
Switzerland,2010,agr_bioenergy-capacity_bgs-mix_landfill[%],0,land-man,land-use,0.3647531014351739
Switzerland,2010,agr_bioenergy-capacity_bgs-mix_other-biogases[%],0,land-man,land-use,0.0
Switzerland,2010,agr_bioenergy-capacity_bgs-mix_ren-mun-wastes[%],0,land-man,land-use,0.3567258574556069
Switzerland,2010,agr_bioenergy-capacity_bgs-mix_sewage[%],0,land-man,land-use,0.6352468985648261
Switzerland,2010,agr_bioenergy-capacity_bgs-mix_themal-biogases[%],0,land-man,land-use,0.0
Switzerland,2011,agr_bioenergy-capacity_elec_biogases-hf[GW],0,land-man,land-use,0.0
Switzerland,2011,agr_bioenergy-capacity_elec_biogases[GW],0,land-man,land-use,0.0
Switzerland,2011,agr_bioenergy-capacity_elec_solid-biofuel-hf[GW],0,land-man,land-use,0.0
Switzerland,2011,agr_bioenergy-capacity_elec_solid-biofuel[GW],0,land-man,land-use,0.0
Switzerland,2011,agr_bioenergy-capacity_efficiency_biogases-hf[%],0,land-man,land-use,1.0
Switzerland,2011,agr_bioenergy-capacity_efficiency_biogases[%],0,land-man,land-use,1.0
Switzerland,2011,agr_bioenergy-capacity_efficiency_solid-biofuel-hf[%],0,land-man,land-use,1.0
Switzerland,2011,agr_bioenergy-capacity_efficiency_solid-biofuel[%],0,land-man,land-use,1.0
Switzerland,2011,agr_bioenergy-capacity_liq_biodiesel[TWh],0,land-man,land-use,0.0
Switzerland,2011,agr_bioenergy-capacity_liq_biogasoline[TWh],0,land-man,land-use,0.0
Switzerland,2011,agr_bioenergy-capacity_liq_biojetkerosene[TWh],0,land-man,land-use,0.0
Switzerland,2011,agr_bioenergy-capacity_liq_other-liquid-biofuel[TWh],0,land-man,land-use,0.0
Switzerland,2011,agr_bioenergy-capacity_load-factor_biogases-hf[%],0,land-man,land-use,0.0
Switzerland,2011,agr_bioenergy-capacity_load-factor_biogases[%],0,land-man,land-use,0.0
Switzerland,2011,agr_bioenergy-capacity_load-factor_solid-biofuel-hf[%],0,land-man,land-use,0.0
Switzerland,2011,agr_bioenergy-capacity_load-factor_solid-biofuel[%],0,land-man,land-use,0.0
Switzerland,2011,agr_bioenergy-capacity_bgs-mix_digestor[%],0,land-man,land-use,1.0
Switzerland,2011,agr_bioenergy-capacity_bgs-mix_landfill[%],0,land-man,land-use,0.3647531014351739
Switzerland,2011,agr_bioenergy-capacity_bgs-mix_other-biogases[%],0,land-man,land-use,0.0
Switzerland,2011,agr_bioenergy-capacity_bgs-mix_ren-mun-wastes[%],0,land-man,land-use,0.3567258574556069
Switzerland,2011,agr_bioenergy-capacity_bgs-mix_sewage[%],0,land-man,land-use,0.6352468985648261
Switzerland,2011,agr_bioenergy-capacity_bgs-mix_themal-biogases[%],0,land-man,land-use,0.0
Switzerland,2012,agr_bioenergy-capacity_elec_biogases-hf[GW],0,land-man,land-use,0.0
Switzerland,2012,agr_bioenergy-capacity_elec_biogases[GW],0,land-man,land-use,0.0
Switzerland,2012,agr_bioenergy-capacity_elec_solid-biofuel-hf[GW],0,land-man,land-use,0.0
Switzerland,2012,agr_bioenergy-capacity_elec_solid-biofuel[GW],0,land-man,land-use,0.0
Switzerland,2012,agr_bioenergy-capacity_efficiency_biogases-hf[%],0,land-man,land-use,1.0
Switzerland,2012,agr_bioenergy-capacity_efficiency_biogases[%],0,land-man,land-use,1.0
Switzerland,2012,agr_bioenergy-capacity_efficiency_solid-biofuel-hf[%],0,land-man,land-use,1.0
Switzerland,2012,agr_bioenergy-capacity_efficiency_solid-biofuel[%],0,land-man,land-use,1.0
Switzerland,2012,agr_bioenergy-capacity_liq_biodiesel[TWh],0,land-man,land-use,0.0
Switzerland,2012,agr_bioenergy-capacity_liq_biogasoline[TWh],0,land-man,land-use,0.0
Switzerland,2012,agr_bioenergy-capacity_liq_biojetkerosene[TWh],0,land-man,land-use,0.0
Switzerland,2012,agr_bioenergy-capacity_liq_other-liquid-biofuel[TWh],0,land-man,land-use,0.0
Switzerland,2012,agr_bioenergy-capacity_load-factor_biogases-hf[%],0,land-man,land-use,0.0
Switzerland,2012,agr_bioenergy-capacity_load-factor_biogases[%],0,land-man,land-use,0.0
Switzerland,2012,agr_bioenergy-capacity_load-factor_solid-biofuel-hf[%],0,land-man,land-use,0.0
Switzerland,2012,agr_bioenergy-capacity_load-factor_solid-biofuel[%],0,land-man,land-use,0.0
Switzerland,2012,agr_bioenergy-capacity_bgs-mix_digestor[%],0,land-man,land-use,1.0
Switzerland,2012,agr_bioenergy-capacity_bgs-mix_landfill[%],0,land-man,land-use,0.3647531014351739
Switzerland,2012,agr_bioenergy-capacity_bgs-mix_other-biogases[%],0,land-man,land-use,0.0
Switzerland,2012,agr_bioenergy-capacity_bgs-mix_ren-mun-wastes[%],0,land-man,land-use,0.3567258574556069
Switzerland,2012,agr_bioenergy-capacity_bgs-mix_sewage[%],0,land-man,land-use,0.6352468985648261
Switzerland,2012,agr_bioenergy-capacity_bgs-mix_themal-biogases[%],0,land-man,land-use,0.0
Switzerland,2013,agr_bioenergy-capacity_elec_biogases-hf[GW],0,land-man,land-use,0.0
Switzerland,2013,agr_bioenergy-capacity_elec_biogases[GW],0,land-man,land-use,0.0
Switzerland,2013,agr_bioenergy-capacity_elec_solid-biofuel-hf[GW],0,land-man,land-use,0.0
Switzerland,2013,agr_bioenergy-capacity_elec_solid-biofuel[GW],0,land-man,land-use,0.0
Switzerland,2013,agr_bioenergy-capacity_efficiency_biogases-hf[%],0,land-man,land-use,1.0
Switzerland,2013,agr_bioenergy-capacity_efficiency_biogases[%],0,land-man,land-use,1.0
Switzerland,2013,agr_bioenergy-capacity_efficiency_solid-biofuel-hf[%],0,land-man,land-use,1.0
Switzerland,2013,agr_bioenergy-capacity_efficiency_solid-biofuel[%],0,land-man,land-use,1.0
Switzerland,2013,agr_bioenergy-capacity_liq_biodiesel[TWh],0,land-man,land-use,0.0
Switzerland,2013,agr_bioenergy-capacity_liq_biogasoline[TWh],0,land-man,land-use,0.0
Switzerland,2013,agr_bioenergy-capacity_liq_biojetkerosene[TWh],0,land-man,land-use,0.0
Switzerland,2013,agr_bioenergy-capacity_liq_other-liquid-biofuel[TWh],0,land-man,land-use,0.0
Switzerland,2013,agr_bioenergy-capacity_load-factor_biogases-hf[%],0,land-man,land-use,0.0
Switzerland,2013,agr_bioenergy-capacity_load-factor_biogases[%],0,land-man,land-use,0.0
Switzerland,2013,agr_bioenergy-capacity_load-factor_solid-biofuel-hf[%],0,land-man,land-use,0.0
Switzerland,2013,agr_bioenergy-capacity_load-factor_solid-biofuel[%],0,land-man,land-use,0.0
Switzerland,2013,agr_bioenergy-capacity_bgs-mix_digestor[%],0,land-man,land-use,1.0
Switzerland,2013,agr_bioenergy-capacity_bgs-mix_landfill[%],0,land-man,land-use,0.3647531014351739
Switzerland,2013,agr_bioenergy-capacity_bgs-mix_other-biogases[%],0,land-man,land-use,0.0
Switzerland,2013,agr_bioenergy-capacity_bgs-mix_ren-mun-wastes[%],0,land-man,land-use,0.3567258574556069
Switzerland,2013,agr_bioenergy-capacity_bgs-mix_sewage[%],0,land-man,land-use,0.6352468985648261
Switzerland,2013,agr_bioenergy-capacity_bgs-mix_themal-biogases[%],0,land-man,land-use,0.0
Switzerland,2014,agr_bioenergy-capacity_elec_biogases-hf[GW],0,land-man,land-use,0.0
Switzerland,2014,agr_bioenergy-capacity_elec_biogases[GW],0,land-man,land-use,0.0
Switzerland,2014,agr_bioenergy-capacity_elec_solid-biofuel-hf[GW],0,land-man,land-use,0.0
Switzerland,2014,agr_bioenergy-capacity_elec_solid-biofuel[GW],0,land-man,land-use,0.0
Switzerland,2014,agr_bioenergy-capacity_efficiency_biogases-hf[%],0,land-man,land-use,1.0
Switzerland,2014,agr_bioenergy-capacity_efficiency_biogases[%],0,land-man,land-use,1.0
Switzerland,2014,agr_bioenergy-capacity_efficiency_solid-biofuel-hf[%],0,land-man,land-use,1.0
Switzerland,2014,agr_bioenergy-capacity_efficiency_solid-biofuel[%],0,land-man,land-use,1.0
Switzerland,2014,agr_bioenergy-capacity_liq_biodiesel[TWh],0,land-man,land-use,0.0
Switzerland,2014,agr_bioenergy-capacity_liq_biogasoline[TWh],0,land-man,land-use,0.0
Switzerland,2014,agr_bioenergy-capacity_liq_biojetkerosene[TWh],0,land-man,land-use,0.0
Switzerland,2014,agr_bioenergy-capacity_liq_other-liquid-biofuel[TWh],0,land-man,land-use,0.0
Switzerland,2014,agr_bioenergy-capacity_load-factor_biogases-hf[%],0,land-man,land-use,0.0
Switzerland,2014,agr_bioenergy-capacity_load-factor_biogases[%],0,land-man,land-use,0.0
Switzerland,2014,agr_bioenergy-capacity_load-factor_solid-biofuel-hf[%],0,land-man,land-use,0.0
Switzerland,2014,agr_bioenergy-capacity_load-factor_solid-biofuel[%],0,land-man,land-use,0.0
Switzerland,2014,agr_bioenergy-capacity_bgs-mix_digestor[%],0,land-man,land-use,1.0
Switzerland,2014,agr_bioenergy-capacity_bgs-mix_landfill[%],0,land-man,land-use,0.3647531014351739
Switzerland,2014,agr_bioenergy-capacity_bgs-mix_other-biogases[%],0,land-man,land-use,0.0
Switzerland,2014,agr_bioenergy-capacity_bgs-mix_ren-mun-wastes[%],0,land-man,land-use,0.3567258574556069
Switzerland,2014,agr_bioenergy-capacity_bgs-mix_sewage[%],0,land-man,land-use,0.6352468985648261
Switzerland,2014,agr_bioenergy-capacity_bgs-mix_themal-biogases[%],0,land-man,land-use,0.0
Switzerland,2015,agr_bioenergy-capacity_elec_biogases-hf[GW],0,land-man,land-use,0.0
Switzerland,2015,agr_bioenergy-capacity_elec_biogases[GW],0,land-man,land-use,0.0
Switzerland,2015,agr_bioenergy-capacity_elec_solid-biofuel-hf[GW],0,land-man,land-use,0.0
Switzerland,2015,agr_bioenergy-capacity_elec_solid-biofuel[GW],0,land-man,land-use,0.0
Switzerland,2015,agr_bioenergy-capacity_efficiency_biogases-hf[%],0,land-man,land-use,1.0
Switzerland,2015,agr_bioenergy-capacity_efficiency_biogases[%],0,land-man,land-use,1.0
Switzerland,2015,agr_bioenergy-capacity_efficiency_solid-biofuel-hf[%],0,land-man,land-use,1.0
Switzerland,2015,agr_bioenergy-capacity_efficiency_solid-biofuel[%],0,land-man,land-use,1.0
Switzerland,2015,agr_bioenergy-capacity_liq_biodiesel[TWh],0,land-man,land-use,0.0
Switzerland,2015,agr_bioenergy-capacity_liq_biogasoline[TWh],0,land-man,land-use,0.0
Switzerland,2015,agr_bioenergy-capacity_liq_biojetkerosene[TWh],0,land-man,land-use,0.0
Switzerland,2015,agr_bioenergy-capacity_liq_other-liquid-biofuel[TWh],0,land-man,land-use,0.0
Switzerland,2015,agr_bioenergy-capacity_load-factor_biogases-hf[%],0,land-man,land-use,0.0
Switzerland,2015,agr_bioenergy-capacity_load-factor_biogases[%],0,land-man,land-use,0.0
Switzerland,2015,agr_bioenergy-capacity_load-factor_solid-biofuel-hf[%],0,land-man,land-use,0.0
Switzerland,2015,agr_bioenergy-capacity_load-factor_solid-biofuel[%],0,land-man,land-use,0.0
Switzerland,2015,agr_bioenergy-capacity_bgs-mix_digestor[%],0,land-man,land-use,1.0
Switzerland,2015,agr_bioenergy-capacity_bgs-mix_landfill[%],0,land-man,land-use,0.3647531014351739
Switzerland,2015,agr_bioenergy-capacity_bgs-mix_other-biogases[%],0,land-man,land-use,0.0
Switzerland,2015,agr_bioenergy-capacity_bgs-mix_ren-mun-wastes[%],0,land-man,land-use,0.3567258574556069
Switzerland,2015,agr_bioenergy-capacity_bgs-mix_sewage[%],0,land-man,land-use,0.6352468985648261
Switzerland,2015,agr_bioenergy-capacity_bgs-mix_themal-biogases[%],0,land-man,land-use,0.0
Switzerland,2016,agr_bioenergy-capacity_elec_biogases-hf[GW],0,land-man,land-use,0.0
Switzerland,2016,agr_bioenergy-capacity_elec_biogases[GW],0,land-man,land-use,0.0
Switzerland,2016,agr_bioenergy-capacity_elec_solid-biofuel-hf[GW],0,land-man,land-use,0.0
Switzerland,2016,agr_bioenergy-capacity_elec_solid-biofuel[GW],0,land-man,land-use,0.0
Switzerland,2016,agr_bioenergy-capacity_efficiency_biogases-hf[%],0,land-man,land-use,1.0
Switzerland,2016,agr_bioenergy-capacity_efficiency_biogases[%],0,land-man,land-use,1.0
Switzerland,2016,agr_bioenergy-capacity_efficiency_solid-biofuel-hf[%],0,land-man,land-use,1.0
Switzerland,2016,agr_bioenergy-capacity_efficiency_solid-biofuel[%],0,land-man,land-use,1.0
Switzerland,2016,agr_bioenergy-capacity_liq_biodiesel[TWh],0,land-man,land-use,0.0
Switzerland,2016,agr_bioenergy-capacity_liq_biogasoline[TWh],0,land-man,land-use,0.0
Switzerland,2016,agr_bioenergy-capacity_liq_biojetkerosene[TWh],0,land-man,land-use,0.0
Switzerland,2016,agr_bioenergy-capacity_liq_other-liquid-biofuel[TWh],0,land-man,land-use,0.0
Switzerland,2016,agr_bioenergy-capacity_load-factor_biogases-hf[%],0,land-man,land-use,0.0
Switzerland,2016,agr_bioenergy-capacity_load-factor_biogases[%],0,land-man,land-use,0.0
Switzerland,2016,agr_bioenergy-capacity_load-factor_solid-biofuel-hf[%],0,land-man,land-use,0.0
Switzerland,2016,agr_bioenergy-capacity_load-factor_solid-biofuel[%],0,land-man,land-use,0.0
Switzerland,2016,agr_bioenergy-capacity_bgs-mix_digestor[%],0,land-man,land-use,1.0
Switzerland,2016,agr_bioenergy-capacity_bgs-mix_landfill[%],0,land-man,land-use,0.3647531014351739
Switzerland,2016,agr_bioenergy-capacity_bgs-mix_other-biogases[%],0,land-man,land-use,0.0
Switzerland,2016,agr_bioenergy-capacity_bgs-mix_ren-mun-wastes[%],0,land-man,land-use,0.3567258574556069
Switzerland,2016,agr_bioenergy-capacity_bgs-mix_sewage[%],0,land-man,land-use,0.6352468985648261
Switzerland,2016,agr_bioenergy-capacity_bgs-mix_themal-biogases[%],0,land-man,land-use,0.0
Switzerland,2017,agr_bioenergy-capacity_elec_biogases-hf[GW],0,land-man,land-use,0.0
Switzerland,2017,agr_bioenergy-capacity_elec_biogases[GW],0,land-man,land-use,0.0
Switzerland,2017,agr_bioenergy-capacity_elec_solid-biofuel-hf[GW],0,land-man,land-use,0.0
Switzerland,2017,agr_bioenergy-capacity_elec_solid-biofuel[GW],0,land-man,land-use,0.0
Switzerland,2017,agr_bioenergy-capacity_efficiency_biogases-hf[%],0,land-man,land-use,1.0
Switzerland,2017,agr_bioenergy-capacity_efficiency_biogases[%],0,land-man,land-use,1.0
Switzerland,2017,agr_bioenergy-capacity_efficiency_solid-biofuel-hf[%],0,land-man,land-use,1.0
Switzerland,2017,agr_bioenergy-capacity_efficiency_solid-biofuel[%],0,land-man,land-use,1.0
Switzerland,2017,agr_bioenergy-capacity_liq_biodiesel[TWh],0,land-man,land-use,0.0
Switzerland,2017,agr_bioenergy-capacity_liq_biogasoline[TWh],0,land-man,land-use,0.0
Switzerland,2017,agr_bioenergy-capacity_liq_biojetkerosene[TWh],0,land-man,land-use,0.0
Switzerland,2017,agr_bioenergy-capacity_liq_other-liquid-biofuel[TWh],0,land-man,land-use,0.0
Switzerland,2017,agr_bioenergy-capacity_load-factor_biogases-hf[%],0,land-man,land-use,0.0
Switzerland,2017,agr_bioenergy-capacity_load-factor_biogases[%],0,land-man,land-use,0.0
Switzerland,2017,agr_bioenergy-capacity_load-factor_solid-biofuel-hf[%],0,land-man,land-use,0.0
Switzerland,2017,agr_bioenergy-capacity_load-factor_solid-biofuel[%],0,land-man,land-use,0.0
Switzerland,2017,agr_bioenergy-capacity_bgs-mix_digestor[%],0,land-man,land-use,1.0
Switzerland,2017,agr_bioenergy-capacity_bgs-mix_landfill[%],0,land-man,land-use,0.3647531014351739
Switzerland,2017,agr_bioenergy-capacity_bgs-mix_other-biogases[%],0,land-man,land-use,0.0
Switzerland,2017,agr_bioenergy-capacity_bgs-mix_ren-mun-wastes[%],0,land-man,land-use,0.3567258574556069
Switzerland,2017,agr_bioenergy-capacity_bgs-mix_sewage[%],0,land-man,land-use,0.6352468985648261
Switzerland,2017,agr_bioenergy-capacity_bgs-mix_themal-biogases[%],0,land-man,land-use,0.0
Switzerland,2018,agr_bioenergy-capacity_elec_biogases-hf[GW],0,land-man,land-use,0.0
Switzerland,2018,agr_bioenergy-capacity_elec_biogases[GW],0,land-man,land-use,0.0
Switzerland,2018,agr_bioenergy-capacity_elec_solid-biofuel-hf[GW],0,land-man,land-use,0.0
Switzerland,2018,agr_bioenergy-capacity_elec_solid-biofuel[GW],0,land-man,land-use,0.0
Switzerland,2018,agr_bioenergy-capacity_efficiency_biogases-hf[%],0,land-man,land-use,1.0
Switzerland,2018,agr_bioenergy-capacity_efficiency_biogases[%],0,land-man,land-use,1.0
Switzerland,2018,agr_bioenergy-capacity_efficiency_solid-biofuel-hf[%],0,land-man,land-use,1.0
Switzerland,2018,agr_bioenergy-capacity_efficiency_solid-biofuel[%],0,land-man,land-use,1.0
Switzerland,2018,agr_bioenergy-capacity_liq_biodiesel[TWh],0,land-man,land-use,0.0
Switzerland,2018,agr_bioenergy-capacity_liq_biogasoline[TWh],0,land-man,land-use,0.0
Switzerland,2018,agr_bioenergy-capacity_liq_biojetkerosene[TWh],0,land-man,land-use,0.0
Switzerland,2018,agr_bioenergy-capacity_liq_other-liquid-biofuel[TWh],0,land-man,land-use,0.0
Switzerland,2018,agr_bioenergy-capacity_load-factor_biogases-hf[%],0,land-man,land-use,0.0
Switzerland,2018,agr_bioenergy-capacity_load-factor_biogases[%],0,land-man,land-use,0.0
Switzerland,2018,agr_bioenergy-capacity_load-factor_solid-biofuel-hf[%],0,land-man,land-use,0.0
Switzerland,2018,agr_bioenergy-capacity_load-factor_solid-biofuel[%],0,land-man,land-use,0.0
Switzerland,2018,agr_bioenergy-capacity_bgs-mix_digestor[%],0,land-man,land-use,1.0
Switzerland,2018,agr_bioenergy-capacity_bgs-mix_landfill[%],0,land-man,land-use,0.3647531014351739
Switzerland,2018,agr_bioenergy-capacity_bgs-mix_other-biogases[%],0,land-man,land-use,0.0
Switzerland,2018,agr_bioenergy-capacity_bgs-mix_ren-mun-wastes[%],0,land-man,land-use,0.3567258574556069
Switzerland,2018,agr_bioenergy-capacity_bgs-mix_sewage[%],0,land-man,land-use,0.6352468985648261
Switzerland,2018,agr_bioenergy-capacity_bgs-mix_themal-biogases[%],0,land-man,land-use,0.0
Switzerland,2019,agr_bioenergy-capacity_elec_biogases-hf[GW],0,land-man,land-use,0.0
Switzerland,2019,agr_bioenergy-capacity_elec_biogases[GW],0,land-man,land-use,0.0
Switzerland,2019,agr_bioenergy-capacity_elec_solid-biofuel-hf[GW],0,land-man,land-use,0.0
Switzerland,2019,agr_bioenergy-capacity_elec_solid-biofuel[GW],0,land-man,land-use,0.0
Switzerland,2019,agr_bioenergy-capacity_efficiency_biogases-hf[%],0,land-man,land-use,1.0
Switzerland,2019,agr_bioenergy-capacity_efficiency_biogases[%],0,land-man,land-use,1.0
Switzerland,2019,agr_bioenergy-capacity_efficiency_solid-biofuel-hf[%],0,land-man,land-use,1.0
Switzerland,2019,agr_bioenergy-capacity_efficiency_solid-biofuel[%],0,land-man,land-use,1.0
Switzerland,2019,agr_bioenergy-capacity_liq_biodiesel[TWh],0,land-man,land-use,0.0
Switzerland,2019,agr_bioenergy-capacity_liq_biogasoline[TWh],0,land-man,land-use,0.0
Switzerland,2019,agr_bioenergy-capacity_liq_biojetkerosene[TWh],0,land-man,land-use,0.0
Switzerland,2019,agr_bioenergy-capacity_liq_other-liquid-biofuel[TWh],0,land-man,land-use,0.0
Switzerland,2019,agr_bioenergy-capacity_load-factor_biogases-hf[%],0,land-man,land-use,0.0
Switzerland,2019,agr_bioenergy-capacity_load-factor_biogases[%],0,land-man,land-use,0.0
Switzerland,2019,agr_bioenergy-capacity_load-factor_solid-biofuel-hf[%],0,land-man,land-use,0.0
Switzerland,2019,agr_bioenergy-capacity_load-factor_solid-biofuel[%],0,land-man,land-use,0.0
Switzerland,2019,agr_bioenergy-capacity_bgs-mix_digestor[%],0,land-man,land-use,1.0
Switzerland,2019,agr_bioenergy-capacity_bgs-mix_landfill[%],0,land-man,land-use,0.3647531014351739
Switzerland,2019,agr_bioenergy-capacity_bgs-mix_other-biogases[%],0,land-man,land-use,0.0
Switzerland,2019,agr_bioenergy-capacity_bgs-mix_ren-mun-wastes[%],0,land-man,land-use,0.3567258574556069
Switzerland,2019,agr_bioenergy-capacity_bgs-mix_sewage[%],0,land-man,land-use,0.6352468985648261
Switzerland,2019,agr_bioenergy-capacity_bgs-mix_themal-biogases[%],0,land-man,land-use,0.0
Switzerland,2020,agr_bioenergy-capacity_elec_biogases-hf[GW],0,land-man,land-use,0.0
Switzerland,2020,agr_bioenergy-capacity_elec_biogases[GW],0,land-man,land-use,0.0
Switzerland,2020,agr_bioenergy-capacity_elec_solid-biofuel-hf[GW],0,land-man,land-use,0.0
Switzerland,2020,agr_bioenergy-capacity_elec_solid-biofuel[GW],0,land-man,land-use,0.0
Switzerland,2020,agr_bioenergy-capacity_efficiency_biogases-hf[%],0,land-man,land-use,1.0
Switzerland,2020,agr_bioenergy-capacity_efficiency_biogases[%],0,land-man,land-use,1.0
Switzerland,2020,agr_bioenergy-capacity_efficiency_solid-biofuel-hf[%],0,land-man,land-use,1.0
Switzerland,2020,agr_bioenergy-capacity_efficiency_solid-biofuel[%],0,land-man,land-use,1.0
Switzerland,2020,agr_bioenergy-capacity_liq_biodiesel[TWh],0,land-man,land-use,0.0
Switzerland,2020,agr_bioenergy-capacity_liq_biogasoline[TWh],0,land-man,land-use,0.0
Switzerland,2020,agr_bioenergy-capacity_liq_biojetkerosene[TWh],0,land-man,land-use,0.0
Switzerland,2020,agr_bioenergy-capacity_liq_other-liquid-biofuel[TWh],0,land-man,land-use,0.0
Switzerland,2020,agr_bioenergy-capacity_load-factor_biogases-hf[%],0,land-man,land-use,0.0
Switzerland,2020,agr_bioenergy-capacity_load-factor_biogases[%],0,land-man,land-use,0.0
Switzerland,2020,agr_bioenergy-capacity_load-factor_solid-biofuel-hf[%],0,land-man,land-use,0.0
Switzerland,2020,agr_bioenergy-capacity_load-factor_solid-biofuel[%],0,land-man,land-use,0.0
Switzerland,2020,agr_bioenergy-capacity_bgs-mix_digestor[%],0,land-man,land-use,1.0
Switzerland,2020,agr_bioenergy-capacity_bgs-mix_landfill[%],0,land-man,land-use,0.3647531014351739
Switzerland,2020,agr_bioenergy-capacity_bgs-mix_other-biogases[%],0,land-man,land-use,0.0
Switzerland,2020,agr_bioenergy-capacity_bgs-mix_ren-mun-wastes[%],0,land-man,land-use,0.3567258574556069
Switzerland,2020,agr_bioenergy-capacity_bgs-mix_sewage[%],0,land-man,land-use,0.6352468985648261
Switzerland,2020,agr_bioenergy-capacity_bgs-mix_themal-biogases[%],0,land-man,land-use,0.0
Switzerland,2021,agr_bioenergy-capacity_elec_biogases-hf[GW],0,land-man,land-use,0.0
Switzerland,2021,agr_bioenergy-capacity_elec_biogases[GW],0,land-man,land-use,0.0
Switzerland,2021,agr_bioenergy-capacity_elec_solid-biofuel-hf[GW],0,land-man,land-use,0.0
Switzerland,2021,agr_bioenergy-capacity_elec_solid-biofuel[GW],0,land-man,land-use,0.0
Switzerland,2021,agr_bioenergy-capacity_efficiency_biogases-hf[%],0,land-man,land-use,1.0
Switzerland,2021,agr_bioenergy-capacity_efficiency_biogases[%],0,land-man,land-use,1.0
Switzerland,2021,agr_bioenergy-capacity_efficiency_solid-biofuel-hf[%],0,land-man,land-use,1.0
Switzerland,2021,agr_bioenergy-capacity_efficiency_solid-biofuel[%],0,land-man,land-use,1.0
Switzerland,2021,agr_bioenergy-capacity_liq_biodiesel[TWh],0,land-man,land-use,0.0
Switzerland,2021,agr_bioenergy-capacity_liq_biogasoline[TWh],0,land-man,land-use,0.0
Switzerland,2021,agr_bioenergy-capacity_liq_biojetkerosene[TWh],0,land-man,land-use,0.0
Switzerland,2021,agr_bioenergy-capacity_liq_other-liquid-biofuel[TWh],0,land-man,land-use,0.0
Switzerland,2021,agr_bioenergy-capacity_load-factor_biogases-hf[%],0,land-man,land-use,0.0
Switzerland,2021,agr_bioenergy-capacity_load-factor_biogases[%],0,land-man,land-use,0.0
Switzerland,2021,agr_bioenergy-capacity_load-factor_solid-biofuel-hf[%],0,land-man,land-use,0.0
Switzerland,2021,agr_bioenergy-capacity_load-factor_solid-biofuel[%],0,land-man,land-use,0.0
Switzerland,2021,agr_bioenergy-capacity_bgs-mix_digestor[%],0,land-man,land-use,1.0
Switzerland,2021,agr_bioenergy-capacity_bgs-mix_landfill[%],0,land-man,land-use,0.3647531014351739
Switzerland,2021,agr_bioenergy-capacity_bgs-mix_other-biogases[%],0,land-man,land-use,0.0
Switzerland,2021,agr_bioenergy-capacity_bgs-mix_ren-mun-wastes[%],0,land-man,land-use,0.3567258574556069
Switzerland,2021,agr_bioenergy-capacity_bgs-mix_sewage[%],0,land-man,land-use,0.6352468985648261
Switzerland,2021,agr_bioenergy-capacity_bgs-mix_themal-biogases[%],0,land-man,land-use,0.0
Switzerland,2022,agr_bioenergy-capacity_bgs-mix_digestor[%],0,land-man,land-use,1.0
Switzerland,2022,agr_bioenergy-capacity_bgs-mix_landfill[%],0,land-man,land-use,0.3647531014351739
Switzerland,2022,agr_bioenergy-capacity_bgs-mix_other-biogases[%],0,land-man,land-use,0.0
Switzerland,2022,agr_bioenergy-capacity_bgs-mix_ren-mun-wastes[%],0,land-man,land-use,0.3567258574556069
Switzerland,2022,agr_bioenergy-capacity_bgs-mix_sewage[%],0,land-man,land-use,0.6352468985648261
Switzerland,2022,agr_bioenergy-capacity_bgs-mix_themal-biogases[%],0,land-man,land-use,0.0
Switzerland,2022,agr_bioenergy-capacity_efficiency_biogases[%],0,land-man,land-use,1.0
Switzerland,2022,agr_bioenergy-capacity_efficiency_biogases-hf[%],0,land-man,land-use,1.0
Switzerland,2022,agr_bioenergy-capacity_efficiency_solid-biofuel[%],0,land-man,land-use,1.0
Switzerland,2022,agr_bioenergy-capacity_efficiency_solid-biofuel-hf[%],0,land-man,land-use,1.0
Switzerland,2022,agr_bioenergy-capacity_elec_biogases[GW],0,land-man,land-use,0.0
Switzerland,2022,agr_bioenergy-capacity_elec_biogases-hf[GW],0,land-man,land-use,0.0
Switzerland,2022,agr_bioenergy-capacity_elec_solid-biofuel[GW],0,land-man,land-use,0.0
Switzerland,2022,agr_bioenergy-capacity_elec_solid-biofuel-hf[GW],0,land-man,land-use,0.0
Switzerland,2022,agr_bioenergy-capacity_liq_biodiesel[TWh],0,land-man,land-use,0.0
Switzerland,2022,agr_bioenergy-capacity_liq_biogasoline[TWh],0,land-man,land-use,0.0
Switzerland,2022,agr_bioenergy-capacity_liq_biojetkerosene[TWh],0,land-man,land-use,0.0
Switzerland,2022,agr_bioenergy-capacity_liq_other-liquid-biofuel[TWh],0,land-man,land-use,0.0
Switzerland,2022,agr_bioenergy-capacity_load-factor_biogases[%],0,land-man,land-use,0.0
Switzerland,2022,agr_bioenergy-capacity_load-factor_biogases-hf[%],0,land-man,land-use,0.0
Switzerland,2022,agr_bioenergy-capacity_load-factor_solid-biofuel[%],0,land-man,land-use,0.0
Switzerland,2022,agr_bioenergy-capacity_load-factor_solid-biofuel-hf[%],0,land-man,land-use,0.0
